{"cameraMode":{"drawMode":0,"name":"Shaded","section":"Shading Mode"},"sceneLighting":false,"audioPlay":false,"sceneViewState":{"m_AlwaysRefresh":false,"showFog":true,"showSkybox":false,"showFlares":true,"showImageEffects":true,"showParticleSystems":true,"showVisualEffectGraphs":true,"m_FxEnabled":true},"in2DMode":false,"pivot":{"x":0.4300000071525574,"y":-0.2340998649597168,"z":0.5222485065460205},"rotation":{"x":0.011534095741808415,"y":-0.9882676601409912,"z":0.09997396916151047,"w":0.11488229036331177},"size":0.19170823693275453,"orthographic":false}